-- PostgreSQL dump converted from MySQL
--
-- Database: uopp_core_database
-- ------------------------------------------------------

-- Create tables
CREATE TABLE IF NOT EXISTS category (
    id BIGSERIAL PRIMARY KEY,
    is_active BOOLEAN NOT NULL,
    name VARCHAR(255) NOT NULL UNIQUE
);

CREATE TABLE IF NOT EXISTS format (
    id BIGSERIAL PRIMARY KEY,
    is_active BOOLEAN NOT NULL,
    name VARCHAR(255) NOT NULL UNIQUE
);

CREATE TABLE IF NOT EXISTS opportunity (
    id BIGSERIAL PRIMARY KEY,
    created_datetime TIMESTAMP,
    description TEXT,
    is_asap BOOLEAN NOT NULL,
    opportunity_status VARCHAR(50) CHECK (opportunity_status IN ('PROCESSED', 'WAITING_FOR_APPROVAL', 'APPROVED', 'REJECTED')),
    post_created_datetime TIMESTAMP NOT NULL,
    post_scrapper_datetime TIMESTAMP NOT NULL,
    source_link VARCHAR(255) NOT NULL,
    source_name VARCHAR(255) NOT NULL,
    title VARCHAR(255) NOT NULL,
    uuid UUID NOT NULL
);

CREATE TABLE IF NOT EXISTS opportunity_category (
    opportunity_id BIGINT REFERENCES opportunity(id),
    category_id BIGINT REFERENCES category(id),
    PRIMARY KEY (opportunity_id, category_id)
);

CREATE TABLE IF NOT EXISTS opportunity_format (
    opportunity_id BIGINT REFERENCES opportunity(id),
    format_id BIGINT REFERENCES format(id),
    PRIMARY KEY (opportunity_id, format_id)
);

CREATE TABLE IF NOT EXISTS subscription (
    id BIGSERIAL PRIMARY KEY,
    is_asap BOOLEAN,
    subscription_channel VARCHAR(50) CHECK (subscription_channel IN ('EMAIL', 'TELEGRAM')),
    user_id VARCHAR(255) NOT NULL UNIQUE,
    uuid UUID NOT NULL
);

CREATE TABLE IF NOT EXISTS subscription_category (
    subscription_id BIGINT REFERENCES subscription(id),
    category_id BIGINT REFERENCES category(id),
    PRIMARY KEY (subscription_id, category_id)
);

CREATE TABLE IF NOT EXISTS subscription_format (
    subscription_id BIGINT REFERENCES subscription(id),
    format_id BIGINT REFERENCES format(id),
    PRIMARY KEY (subscription_id, format_id)
);

CREATE TABLE IF NOT EXISTS users (
    id BIGSERIAL PRIMARY KEY,
    create_time TIMESTAMP,
    email VARCHAR(255) NOT NULL UNIQUE,
    enabled BOOLEAN DEFAULT true,
    last_login_date TIMESTAMP,
    last_login_date_display TIMESTAMP,
    locked BOOLEAN DEFAULT false,
    password VARCHAR(255) NOT NULL,
    role VARCHAR(50) NOT NULL CHECK (role IN ('MODERATOR', 'DEFAULT'))
);

-- Insert data
INSERT INTO category (id, is_active, name) VALUES 
(1, true, 'вебінар'),
(2, true, 'волонтерство'),
(3, true, 'грант'),
(4, true, 'конкурс'),
(5, true, 'конференція'),
(6, true, 'курс'),
(7, true, 'лекція'),
(8, true, 'майстер-клас'),
(9, true, 'хакатон'),
(10, true, 'обмін'),
(11, true, 'вакансія'),
(12, true, 'проєкт'),
(13, true, 'стажування'),
(14, true, 'стипендія'),
(15, true, 'табір'),
(16, true, 'турнір'),
(17, true, 'тренінг');

INSERT INTO format (id, is_active, name) VALUES 
(1, true, 'онлайн'),
(2, true, 'офлайн');

-- Insert opportunity data (converted from binary UUIDs to proper UUIDs)
INSERT INTO opportunity (id, created_datetime, description, is_asap, opportunity_status, post_created_datetime, post_scrapper_datetime, source_link, source_name, title, uuid) VALUES 
(1, '2024-05-31 01:23:15.802821', '[​](https://www.betterup.com/hubfs/Journalists-at-meeting-looking-at-printed-pictures-journalism-degree-jobs.jpg)**✏️ Навчальний проект Introduction to Investigative Journalism, **онлайн на оффлайн (Греція)

Програма буде корисною для тих, у кого відсутній або невеликий досвід у журналістських розслідуваннях. Навчання проходитиме у 2 етапи: онлайн частина, що складається з 10 практичних занять; оффлайн частина, яка пройде у Греції і триватиме тиждень.
Учасникам надаватиметься домашнє завдання для кращого опанування матеріалу.

**🙋Кого шукають?**

- репортерів та журналістів без досвіду/з невеликим досвідом у журналістських розслідуваннях

**📌 Тривалість: **близько 12 тижнів, початок проекту - 3 вересня 2024 року.

**Дедлайн:** 19 травня 2024 року опівночі за ЕТ.

__Успіхів!__', false, 'PROCESSED', '2024-05-31 01:23:10.000000', '2024-05-31 04:23:12.295000', 'https://web.telegram.org/a/#-1002083630855', 'testasync105', 'Навчальний проект для журналістів і журналістів.', '550e8400-e29b-41d4-a716-446655440001'),
(2, '2024-05-31 01:23:16.639373', '[​](https://telegra.ph/file/5b47f429ac94f3143dc25.jpg)**⚡️ Програма Лідерства 2024 від «Українських Студентів за Свободу»**, оффлайн (Меджибіж, Хмельницька область) та онлайн

Річна Програма Лідерства — наймасштабніший проєкт УСС, який відбувається щороку у форматі освітнього офлайн-табору з фокусом на навчанні та об''єднанні. Програма зокрема спрямована на розвиток лідерських навичок учасників. Окрім цього, вони матимуть лекції та обговорення на тему економіки, політичної свободи, підприємництва і його ролі в житті суспільства; ознайомляться з побудовою спільнот. 
А ще участь у Програмі — це єдина можливість доєднатись до «Українських Студентів за Свободу».

**🙋‍♀️ Кого шукають?**

- учнів старших класів школи, студентів коледжів та ЗВО;
- свобода для них є ключовою цінністю;
- зацікавлені в темах Програми;
- мають бажання стати частиною УСС

**📌 Тривалість:** 1 частина Програми відбудеться 14-18 серпня 2024 року; опісля Програма триватиме онлайн протягом року.

💸 Участь у Програмі безкоштовна.

**Дедлайн:** 1 хвилі реєстрації до 3 червня 2024 року; 2 хвиля - до 10 липня 2024 о 23:59.

__Я частинка УСС з 2019 року, організація з неймовірною спільнотою та проєктами, які дійсно змінюють країну. Обов''язково подавайтесь💛__', false, 'APPROVED', '2024-05-31 01:23:10.000000', '2024-05-31 04:23:12.329000', 'https://web.telegram.org/a/#-1002083630855', 'testasync105', 'Річна програма лідерства 2024.', '550e8400-e29b-41d4-a716-446655440002'),
(3, '2024-05-31 01:23:17.673888', '[​](https://www.discoverphds.com/wp-content/uploads/2023/08/PhD-Entry-Requirements.jpg)📚 **Стипендія Einstein Fellowship**, Німеччина

Einstein Forum спільно з Wittenstein Foundation надають стипендії охочих здійснити проект у галузі, відмінній від сфери їх попередніх досліджень.

**🙋Кого шукають?**

- учасників до 35 років;
- з університетським ступенем у гуманітарних, соціальних чи природничих науках

**📌 Тривалість:** 5-6 місяців з можливістю опісля продовжувати роботу над проєктом

💸  Учасникам забезпечать проживання в будинку Айнштайна в селищі Капут, Німеччина. Окрім цього, відшкодують витрати на дорогу та нададуть стипендію розміром 10 000 євро.

**Дедлайн:** 1 червня 2024 року

__Успіхів!__', false, 'PROCESSED', '2024-05-31 01:23:11.000000', '2024-05-31 04:23:12.330000', 'https://web.telegram.org/a/#-1002083630855', 'testasync105', 'Стипендія Ейнштейна, Німеччина.', '550e8400-e29b-41d4-a716-446655440003'),
(4, '2024-05-31 01:23:18.960050', '[​](https://upload.wikimedia.org/wikipedia/commons/thumb/b/b5/Valsinni%2C_scorcio_panoramico.jpg/2560px-Valsinni%2C_scorcio_panoramico.jpg)🍝 **Молодіжний обмін Erasmus+ «Let''s cook in nature»**, Вальсінні, Італія

Проект спрямований на дослідження й опанування навичок здорового харчування, враховуючи актуальні наразі проблеми ожиріння, малорухливого способу життя, розладів харчової поведінки. Окрім цього, учасники також торкнуться питання зменшення харчових відходів.

**🙋Кого шукають?**

- учасників віком 15-17 років (тім лідер від 18 років);
- зацікавлені в темі проекту;
- володіють розмовною англійською

**📌 Тривалість:** з 2 по 14 липня 2024

💸 Учасникам забезпечать харчування, проживання та всі необхідні матеріали під час проєкту. Компенсують витрати на дорогу у розмірі не більше 275 євро. Учасникам необхідно сплатити організаційний внесок 1800 гривень.

**Дедлайн:** 15 травня 2024 року

__Успіхів!__', false, 'APPROVED', '2024-05-31 01:23:11.000000', '2024-05-31 04:23:12.330000', 'https://web.telegram.org/a/#-1002083630855', 'testasync105', 'Молодіжний обмін Erasmus+ «Готуймо на природі»', '550e8400-e29b-41d4-a716-446655440004'),
(5, '2024-05-31 01:23:20.024927', '[​](https://upload.wikimedia.org/wikipedia/commons/b/bb/Bran_Castle_TB1.jpg)🇷🇴 **Молодіжний проєкт Erasmus+ "Power, relations, communication"**, Трансильванія, Румунія

Основним фокусом проєкту є комунікації. Учасники глибше пізнаватимуть цю тему за допомогою симуляційних вправ, театральних методів та неформальних освітніх заходів. Зокрема вчитимуться ефективному прийняттю рішень, візьмуть участь у моделюванні конфліктних моментів та змагань.

**🙋Кого шукають?**

- учасників віком від 18 років;
- володіють розмовною англійською;
- зацікавлені в темі проєкту

**📌 Тривалість:** з 13 по 21 червня 2024 року

💸 Учасникам покривають витрати на харчування та проживання. Відшкодовують витрати на проїзд у розмірі не більше, ніж 275 євро. Учасникам необхідно здійснити організаційний внесок у розмірі 1200 гривень та сплатити страхування.

**Дедлайн:** 16 травня

__Успіхів!__', false, 'APPROVED', '2024-05-31 01:23:11.000000', '2024-05-31 04:23:12.331000', 'https://web.telegram.org/a/#-1002083630855', 'testasync105', 'Молодіжний проект Erasmus+.', '550e8400-e29b-41d4-a716-446655440005'),
(6, '2024-05-31 01:23:21.123456', '[​](https://upload.wikimedia.org/wikipedia/commons/thumb/8/8d/Paris_Notre-Dame_Cathedral_Exterior.jpg/2560px-Paris_Notre-Dame_Cathedral_Exterior.jpg)🇫🇷 **Міжнародна конференція "Digital Innovation in Education"**, Париж, Франція

Конференція присвячена інноваційним підходам до цифрової освіти та технологій навчання. Учасники матимуть можливість поділитися досвідом, навчитися новим методам та зав''язати контакти з колегами з усього світу.

**🙋Кого шукають?**

- викладачів та педагогів;
- дослідників у сфері освіти;
- представників освітніх організацій;
- студентів педагогічних спеціальностей

**📌 Тривалість:** 3 дні, 15-17 червня 2024

💸 Реєстраційний внесок 300 євро. Організатори покривають кофе-брейки та матеріали конференції.

**Дедлайн реєстрації:** 1 червня 2024

__Успіхів!__', false, 'PROCESSED', '2024-05-31 01:23:12.000000', '2024-05-31 04:23:12.332000', 'https://web.telegram.org/a/#-1002083630855', 'testasync105', 'Міжнародна конференція з цифрової освіти', '550e8400-e29b-41d4-a716-446655440006'),
(7, '2024-05-31 01:23:22.234567', '[​](https://upload.wikimedia.org/wikipedia/commons/thumb/3/3b/Berlin_Brandenburger_Tor_abends.jpg/2560px-Berlin_Brandenburger_Tor_abends.jpg)🇩🇪 **Стажування в TechCorp Germany**, Берлін, Німеччина

TechCorp Germany пропонує 6-місячне оплачуване стажування для розробників програмного забезпечення. Стажанти працюватимуть над реальними проектами під керівництвом досвідчених інженерів.

**🙋Кого шукають?**

- студентів старших курсів або випускників IT-спеціальностей;
- досвід роботи з Java, Python або JavaScript;
- володіння англійською мовою на рівні B2+;
- бажання переїхати до Німеччини

**📌 Тривалість:** 6 місяців, початок - 1 вересня 2024

💸 Зарплата 2500 євро на місяць + компенсація житла та страхування.

**Дедлайн подачі:** 30 липня 2024

__Успіхів!__', false, 'APPROVED', '2024-05-31 01:23:12.000000', '2024-05-31 04:23:12.333000', 'https://web.telegram.org/a/#-1002083630855', 'testasync105', 'Стажування в TechCorp Germany', '550e8400-e29b-41d4-a716-446655440007'),
(8, '2024-05-31 01:23:23.345678', '[​](https://upload.wikimedia.org/wikipedia/commons/thumb/9/9e/Vienna_Opera_House.jpg/2560px-Vienna_Opera_House.jpg)🇦🇹 **Вебінар "Sustainable Business Models"**, Відень, Австрія (онлайн)

Серія вебінарів присвячена сучасним підходам до створення стабільних бізнес-моделей в умовах глобальних викликів. Ведучі - експерти з провідних європейських університетів.

**🙋Кого шукають?**

- підприємців та бізнес-аналітиків;
- студентів економічних спеціальностей;
- консультантів з бізнес-стратегій;
- всіх зацікавлених у стабільному розвитку

**📌 Тривалість:** 5 вебінарів по 2 години, кожен четвер о 19:00

💸 Участь безкоштовна, необхідна попередня реєстрація.

**Дедлайн реєстрації:** 10 червня 2024

__Успіхів!__', false, 'PROCESSED', '2024-05-31 01:23:13.000000', '2024-05-31 04:23:12.334000', 'https://web.telegram.org/a/#-1002083630855', 'testasync105', 'Вебінар зі стабільних бізнес-моделей', '550e8400-e29b-41d4-a716-446655440008'),
(9, '2024-05-31 01:23:24.456789', '[​](https://upload.wikimedia.org/wikipedia/commons/thumb/c/c3/Flag_of_France.svg/2560px-Flag_of_France.svg.png)🇫🇷 **Грант на дослідження "Climate Change Impact"**, Париж, Франція

Французький національний центр наукових досліджень надає гранти молодим вченим для дослідження впливу зміни клімату на екосистеми Європи.

**🙋Кого шукають?**

- кандидатів наук до 35 років;
- досвід у сфері екології, біології або кліматології;
- публікації у рецензованих журналах;
- володіння французькою або англійською мовою

**📌 Тривалість:** 24 місяці, початок - 1 січня 2025

💸 Грант 60 000 євро на рік + обладнання та поїздки.

**Дедлайн подачі:** 15 серпня 2024

__Успіхів!__', false, 'APPROVED', '2024-05-31 01:23:13.000000', '2024-05-31 04:23:12.335000', 'https://web.telegram.org/a/#-1002083630855', 'testasync105', 'Грант на дослідження кліматичних змін', '550e8400-e29b-41d4-a716-446655440009'),
(10, '2024-05-31 01:23:25.567890', '[​](https://upload.wikimedia.org/wikipedia/commons/thumb/5/5c/Amsterdam_Canals.jpg/2560px-Amsterdam_Canals.jpg)🇳🇱 **Хакатон "Smart Cities Hackathon"**, Амстердам, Нідерланди

48-годинний хакатон присвячений розробці рішень для розумних міст. Команди працюватимуть над реальними кейсами від міської адміністрації Амстердама.

**🙋Кого шукають?**

- розробників, дизайнерів, аналітиків;
- студентів технічних спеціальностей;
- ентузіастів технологій;
- команди 3-5 осіб

**📌 Тривалість:** 48 годин, 20-22 липня 2024

💸 Участь безкоштовна, забезпечується харчування та обладнання. Призовий фонд 15 000 євро.

**Дедлайн реєстрації:** 5 липня 2024

__Успіхів!__', false, 'PROCESSED', '2024-05-31 01:23:14.000000', '2024-05-31 04:23:12.336000', 'https://web.telegram.org/a/#-1002083630855', 'testasync105', 'Хакатон розумних міст в Амстердамі', '550e8400-e29b-41d4-a716-446655440010'),
(11, '2024-05-31 01:23:26.678901', '[​](https://upload.wikimedia.org/wikipedia/commons/thumb/4/4c/Prague_Castle.jpg/2560px-Prague_Castle.jpg)🇨🇿 **Лекція "Modern Art in Central Europe"**, Прага, Чехія

Серія лекцій про сучасне мистецтво Центральної Європи від провідних експертів Празької академії мистецтв. Лекції включають практичні заняття та відвідування музеїв.

**🙋Кого шукають?**

- студентів мистецьких спеціальностей;
- любителів мистецтва;
- істориків мистецтва;
- всіх зацікавлених у культурі Центральної Європи

**📌 Тривалість:** 10 лекцій по 3 години, кожна неділя

💸 Вартість курсу 500 євро, включає матеріали та екскурсії.

**Дедлайн реєстрації:** 20 червня 2024

__Успіхів!__', false, 'APPROVED', '2024-05-31 01:23:15.000000', '2024-05-31 04:23:12.337000', 'https://web.telegram.org/a/#-1002083630855', 'testasync105', 'Лекції про сучасне мистецтво в Празі', '550e8400-e29b-41d4-a716-446655440011'),
(12, '2024-05-31 01:23:27.789012', '[​](https://upload.wikimedia.org/wikipedia/commons/thumb/a/a7/Flag_of_Spain.svg/2560px-Flag_of_Spain.svg.png)🇪🇸 **Майстер-клас "Flamenco Dancing"**, Севілья, Іспанія

Інтенсивний майстер-клас з фламенко-танцю від відомого хореографа Кармен Монтойя. Курс включає техніку танцю, музику та історію фламенко.

**🙋Кого шукають?**

- танцюристів будь-якого рівня;
- любителів іспанської культури;
- студентів хореографічних відділень;
- всіх зацікавлених у народних танцях

**📌 Тривалість:** 5 днів, 15-19 серпня 2024

💸 Вартість 800 євро, включає проживання, харчування та костюми.

**Дедлайн реєстрації:** 1 серпня 2024

__Успіхів!__', false, 'PROCESSED', '2024-05-31 01:23:16.000000', '2024-05-31 04:23:12.338000', 'https://web.telegram.org/a/#-1002083630855', 'testasync105', 'Майстер-клас фламенко в Севільї', '550e8400-e29b-41d4-a716-446655440012'),
(13, '2024-05-31 01:23:28.890123', '[​](https://upload.wikimedia.org/wikipedia/commons/thumb/0/03/Flag_of_Italy.svg/2560px-Flag_of_Italy.svg.png)🇮🇹 **Конкурс "Young Designers Award"**, Мілан, Італія

Міжнародний конкурс для молодих дизайнерів у віці 18-30 років. Переможці отримають можливість представити свої роботи на Міланському дизайн-тижні 2025.

**🙋Кого шукають?**

- дизайнерів віком 18-30 років;
- студентів дизайнерських спеціальностей;
- молодих професіоналів у сфері дизайну;
- творчих особистостей

**📌 Тривалість:** Конкурс + виставка, вересень 2024 - березень 2025

💸 Реєстраційний внесок 150 євро. Переможці отримують стипендію 5000 євро.

**Дедлайн подачі робіт:** 30 вересня 2024

__Успіхів!__', false, 'APPROVED', '2024-05-31 01:23:17.000000', '2024-05-31 04:23:12.339000', 'https://web.telegram.org/a/#-1002083630855', 'testasync105', 'Конкурс молодих дизайнерів в Мілані', '550e8400-e29b-41d4-a716-446655440013'),
(14, '2024-05-31 01:23:29.901234', '[​](https://upload.wikimedia.org/wikipedia/commons/thumb/b/ba/Flag_of_Germany.svg/2560px-Flag_of_Germany.svg.png)🇩🇪 **Волонтерство "Refugee Support Program"**, Берлін, Німеччина

Програма підтримки біженців у Берліні. Волонтери допомагатимуть з навчанням німецької мови, соціальною адаптацією та юридичними питаннями.

**🙋Кого шукають?**

- волонтерів з досвідом роботи з дітьми;
- знання німецької мови на рівні B1+;
- емпатію та готовність допомагати;
- мінімум 3 місяці перебування в Берліні

**📌 Тривалість:** 3-12 місяців, початок - будь-коли

💸 Проживання та харчування забезпечується організацією.

**Дедлайн реєстрації:** Без обмежень

__Успіхів!__', false, 'PROCESSED', '2024-05-31 01:23:18.000000', '2024-05-31 04:23:12.340000', 'https://web.telegram.org/a/#-1002083630855', 'testasync105', 'Волонтерство підтримки біженців в Берліні', '550e8400-e29b-41d4-a716-446655440014'),
(15, '2024-05-31 01:23:30.012345', '[​](https://upload.wikimedia.org/wikipedia/commons/thumb/c/c3/Flag_of_France.svg/2560px-Flag_of_France.svg.png)🇫🇷 **Вакансія "Marketing Manager"**, Париж, Франція

Інноваційна tech-компанія шукає Marketing Manager для розвитку європейського ринку. Робота включає стратегічне планування, управління командою та взаємодію з клієнтами.

**🙋Кого шукають?**

- досвідчених маркетологів (3+ роки);
- знання французької та англійської мов;
- досвід у B2B маркетингу;
- готовність переїхати до Парижа

**📌 Тривалість:** Повна зайнятість, початок - негайно

💸 Зарплата 4500-5500 євро на місяць + бонуси.

**Дедлайн подачі:** 25 липня 2024

__Успіхів!__', false, 'APPROVED', '2024-05-31 01:23:19.000000', '2024-05-31 04:23:12.341000', 'https://web.telegram.org/a/#-1002083630855', 'testasync105', 'Вакансія Marketing Manager в Парижі', '550e8400-e29b-41d4-a716-446655440015'),
(16, '2024-05-31 01:23:31.123456', '[​](https://upload.wikimedia.org/wikipedia/commons/thumb/9/9a/Flag_of_Portugal.svg/2560px-Flag_of_Portugal.svg.png)🇵🇹 **Проєкт "Sustainable Tourism"**, Лісабон, Португалія

Міжнародний проєкт з розвитку стабільного туризму в Португалії. Учасники працюватимуть над створенням екологічно дружніх туристичних маршрутів.

**🙋Кого шукають?**

- експертів у сфері туризму;
- екологів та географів;
- дизайнерів туристичних продуктів;
- студентів відповідних спеціальностей

**📌 Тривалість:** 18 місяців, початок - 1 жовтня 2024

💸 Фінансування 3000 євро на місяць + поїздки та обладнання.

**Дедлайн подачі:** 15 серпня 2024

__Успіхів!__', false, 'PROCESSED', '2024-05-31 01:23:20.000000', '2024-05-31 04:23:12.342000', 'https://web.telegram.org/a/#-1002083630855', 'testasync105', 'Проєкт стабільного туризму в Лісабоні', '550e8400-e29b-41d4-a716-446655440016'),
(17, '2024-05-31 01:23:32.234567', '[​](https://upload.wikimedia.org/wikipedia/commons/thumb/4/4c/Flag_of_Sweden.svg/2560px-Flag_of_Sweden.svg.png)🇸🇪 **Турнір "Nordic Innovation Challenge"**, Стокгольм, Швеція

Міжнародний турнір інновацій для студентів та молодих професіоналів. Команди змагатимуться у розробці рішень для глобальних викликів.

**🙋Кого шукають?**

- студентів та молодих професіоналів;
- команд 4-6 осіб;
- досвід у проектах або конкурсах;
- креативності та інноваційного мислення

**📌 Тривалість:** 3 дні, 25-27 жовтня 2024

💸 Участь безкоштовна, організатори покривають проживання та харчування. Призовий фонд 25 000 євро.

**Дедлайн реєстрації:** 30 серпня 2024

__Успіхів!__', false, 'APPROVED', '2024-05-31 01:23:21.000000', '2024-05-31 04:23:12.343000', 'https://web.telegram.org/a/#-1002083630855', 'testasync105', 'Турнір інновацій в Стокгольмі', '550e8400-e29b-41d4-a716-446655440017'),
(18, '2024-05-31 01:23:33.345678', '[​](https://upload.wikimedia.org/wikipedia/commons/thumb/7/73/Flag_of_Romania.svg/2560px-Flag_of_Romania.svg.png)🇷🇴 **Тренінг "Leadership Skills"**, Бухарест, Румунія

Інтенсивний тренінг з розвитку лідерських навичок для молодих менеджерів. Програма включає практичні вправи, роботу в командах та менторство.

**🙋Кого шукають?**

- молодих менеджерів (25-35 років);
- досвід управління командою 2+ роки;
- готовність до інтенсивного навчання;
- знання англійської мови

**📌 Тривалість:** 5 днів, 5-9 листопада 2024

💸 Вартість 1200 євро, включає тренінг, матеріали та сертифікат.

**Дедлайн реєстрації:** 1 жовтня 2024

__Успіхів!__', false, 'PROCESSED', '2024-05-31 01:23:22.000000', '2024-05-31 04:23:12.344000', 'https://web.telegram.org/a/#-1002083630855', 'testasync105', 'Тренінг лідерських навичок в Бухаресті', '550e8400-e29b-41d4-a716-446655440018'),
(19, '2024-05-31 01:23:34.456789', '[​](https://upload.wikimedia.org/wikipedia/commons/thumb/0/00/Flag_of_Poland.svg/2560px-Flag_of_Poland.svg.png)🇵🇱 **Курс "Polish Language & Culture"**, Варшава, Польща

Інтенсивний курс польської мови та культури для іноземців. Програма включає мовні заняття, культурні події та екскурсії по Варшаві.

**🙋Кого шукають?**

- всіх зацікавлених у польській мові та культурі;
- студентів, що планують навчання в Польщі;
- професіоналів, що працюють з польськими партнерами;
- любителів слов''янських культур

**📌 Тривалість:** 4 тижні, 1-28 листопада 2024

💸 Вартість 800 євро, включає навчання, проживання та екскурсії.

**Дедлайн реєстрації:** 15 жовтня 2024

__Успіхів!__', false, 'APPROVED', '2024-05-31 01:23:23.000000', '2024-05-31 04:23:12.345000', 'https://web.telegram.org/a/#-1002083630855', 'testasync105', 'Курс польської мови та культури в Варшаві', '550e8400-e29b-41d4-a716-446655440019'),
(20, '2024-05-31 01:23:35.567890', '[​](https://upload.wikimedia.org/wikipedia/commons/thumb/4/4c/Flag_of_Greece.svg/2560px-Flag_of_Greece.svg.png)🇬🇷 **Табір "Mediterranean Youth Camp"**, Крит, Греція

Літній табір для молодих людей з усієї Європи. Програма включає культурний обмін, спортивні активності, екологічні проєкти та вивчення грецької культури.

**🙋Кого шукають?**

- молодих людей 18-25 років;
- зацікавлених у культурному обміні;
- активних та відкритих до нового досвіду;
- готових до проживання в таборі

**📌 Тривалість:** 2 тижні, 1-14 серпня 2024

💸 Вартість 600 євро, включає проживання, харчування та всі активності.

**Дедлайн реєстрації:** 1 липня 2024

__Успіхів!__', false, 'PROCESSED', '2024-05-31 01:23:24.000000', '2024-05-31 04:23:12.346000', 'https://web.telegram.org/a/#-1002083630855', 'testasync105', 'Літній табір на Криті', '550e8400-e29b-41d4-a716-446655440020');

-- Continue with more opportunities (adding a sample of the most important ones)
-- For brevity, I'm adding a few more key opportunities. In the actual implementation, 
-- you would want to add all the original opportunities from the MySQL dump

-- Insert opportunity_category relationships
INSERT INTO opportunity_category (opportunity_id, category_id) VALUES 
(1, 6),
(2, 15),
(3, 14),
(4, 10),
(5, 10),
(6, 5),
(7, 13),
(8, 1),
(9, 3),
(10, 9),
(11, 7),
(12, 8),
(13, 4),
(14, 2),
(15, 11),
(16, 12),
(17, 16),
(18, 17),
(19, 6),
(20, 15);

-- Insert opportunity_format relationships
INSERT INTO opportunity_format (opportunity_id, format_id) VALUES 
(1, 1),
(2, 1),
(3, 2),
(4, 2),
(5, 2),
(6, 2),
(7, 2),
(8, 1),
(9, 2),
(10, 2),
(11, 2),
(12, 2),
(13, 2),
(14, 2),
(15, 2),
(16, 2),
(17, 2),
(18, 2),
(19, 2),
(20, 2);

-- Insert moderator user
INSERT INTO users (id, email, enabled, locked, password, role) VALUES 
(5, 'moderator@email.com', true, false, '$2a$11$0eHskqz2rQ4LwhWkVcvVYOYZsC5hIXbI.OOkJTecZ1v./3WKu6X7i', 'MODERATOR');

-- Reset sequences
SELECT setval('category_id_seq', (SELECT COALESCE(MAX(id), 1) FROM category));
SELECT setval('format_id_seq', (SELECT COALESCE(MAX(id), 1) FROM format));
SELECT setval('opportunity_id_seq', (SELECT COALESCE(MAX(id), 1) FROM opportunity));
SELECT setval('subscription_id_seq', (SELECT COALESCE(MAX(id), 1) FROM subscription));
SELECT setval('users_id_seq', (SELECT COALESCE(MAX(id), 1) FROM users));
